CustomerID,FirstName,LastName,DOB,Email,Phone
1,Eve,Jackson,1993-01-12,eve1@example.com,413-427-2965
2,Frank,Miller,1997-09-13,frank2@example.com,944-946-5394
3,Charlie,Harris,1988-12-19,charlie3@example.com,994-245-7978
4,Frank,Johnson,1980-02-06,frank4@example.com,467-118-5779
5,Xander,Martinez,1968-09-02,xander5@example.com,153-680-4436
6,Vince,White,1986-01-22,vince6@example.com,119-111-4792
7,Yara,Lee,2000-01-15,yara7@example.com,204-362-6767
8,Kathy,Thompson,1979-08-04,kathy8@example.com,487-847-7987
9,Xander,Thompson,1982-09-13,xander9@example.com,319-238-4100
10,Alice,Lopez,1975-02-28,alice10@example.com,796-151-2883
11,Rose,Brown,1982-01-19,rose11@example.com,737-261-7655
12,Eve,Harris,1980-12-17,eve12@example.com,986-808-1880
13,Frank,Johnson,1996-10-23,frank13@example.com,136-370-6484
14,Bob,Taylor,1960-03-22,bob14@example.com,386-936-6092
15,Hank,White,1995-06-01,hank15@example.com,702-211-4552
16,Charlie,Miller,1968-02-15,charlie16@example.com,770-160-2580
17,Leo,Lopez,1983-04-05,leo17@example.com,938-948-3626
18,Wendy,Rodriguez,1999-09-20,wendy18@example.com,827-483-4482
19,Oscar,Wilson,1970-08-19,oscar19@example.com,696-323-4607
20,Alice,Lopez,1988-05-05,alice20@example.com,715-193-4112
21,Zara,White,1980-02-10,zara21@example.com,592-736-1160
22,Hank,Davis,1988-08-05,hank22@example.com,988-475-7780
23,Oscar,Thomas,1979-12-08,oscar23@example.com,151-191-6260
24,Hank,Johnson,1993-02-27,hank24@example.com,533-327-9545
25,Leo,Moore,1977-07-16,leo25@example.com,407-774-1309
26,Xander,Davis,1994-12-28,xander26@example.com,422-469-4878
27,Zara,Lopez,1973-10-08,zara27@example.com,334-749-9265
28,Alice,Hernandez,1974-01-26,alice28@example.com,464-279-2476
29,Wendy,Moore,1996-08-04,wendy29@example.com,760-556-1696
30,Ivy,Thomas,1969-11-01,ivy30@example.com,501-902-7804
31,Jack,Brown,1975-05-10,jack31@example.com,231-601-6432
32,Uma,Taylor,1999-11-21,uma32@example.com,946-281-4531
33,Bob,White,1998-05-02,bob33@example.com,186-522-2159
34,Uma,Rodriguez,1998-06-14,uma34@example.com,906-221-7302
35,Sam,Rodriguez,1960-06-21,sam35@example.com,331-516-4161
36,Zara,Thomas,1967-02-06,zara36@example.com,939-886-6057
37,Uma,Martinez,1971-11-03,uma37@example.com,408-460-4408
38,Charlie,Davis,1989-07-12,charlie38@example.com,323-757-1239
39,Quincy,Thompson,1964-10-10,quincy39@example.com,673-228-2537
40,Xander,Lopez,1977-03-12,xander40@example.com,620-738-1899
41,Sam,Thompson,1996-03-11,sam41@example.com,474-529-6674
42,Quincy,Davis,1985-01-19,quincy42@example.com,473-631-4685
43,Xander,Rodriguez,1995-01-16,xander43@example.com,978-857-7879
44,Tina,Miller,1974-04-04,tina44@example.com,319-698-2129
45,Grace,Martin,1997-05-13,grace45@example.com,816-869-1249
46,Uma,Miller,1960-10-17,uma46@example.com,884-211-4628
47,Jack,Hernandez,1976-10-02,jack47@example.com,703-718-6745
48,Paul,Taylor,1977-01-15,paul48@example.com,991-344-9570
49,Yara,Harris,1960-03-02,yara49@example.com,297-990-2233
50,Tina,Moore,1980-12-19,tina50@example.com,804-554-3479
51,Jack,Wilson,1998-03-02,jack51@example.com,279-168-4352
52,Hank,Williams,1980-03-12,hank52@example.com,995-138-3793
53,Nina,Smith,1968-08-02,nina53@example.com,513-183-7552
54,Charlie,Jackson,1963-06-06,charlie54@example.com,105-534-6519
55,Uma,Garcia,1998-05-20,uma55@example.com,459-568-6225
56,Leo,Anderson,1975-07-26,leo56@example.com,113-676-4379
57,Alice,Smith,1970-04-04,alice57@example.com,601-452-7527
58,Mona,Perez,1998-12-06,mona58@example.com,101-916-3000
59,Charlie,Martin,1973-12-14,charlie59@example.com,803-469-5021
60,Nina,Brown,1973-07-01,nina60@example.com,610-258-2367
61,David,Williams,1977-05-01,david61@example.com,984-180-5989
62,Frank,Perez,1982-12-09,frank62@example.com,450-896-7998
63,Uma,Martin,1987-05-21,uma63@example.com,199-218-3278
64,Leo,Martin,1967-11-02,leo64@example.com,415-178-3364
65,Xander,Lopez,1986-04-11,xander65@example.com,593-482-5096
66,Mona,Johnson,1974-05-01,mona66@example.com,668-979-4035
67,Kathy,Thompson,1989-02-10,kathy67@example.com,597-730-6251
68,Tina,Davis,1977-01-16,tina68@example.com,424-723-6116
69,Jack,Martinez,1991-06-05,jack69@example.com,109-884-9291
70,Leo,White,1967-05-21,leo70@example.com,647-808-1726
71,Hank,Miller,1988-11-06,hank71@example.com,114-937-3350
72,Vince,Hernandez,1962-09-11,vince72@example.com,224-760-7802
73,Uma,Thompson,1973-02-08,uma73@example.com,796-766-3040
74,Rose,Smith,1999-03-05,rose74@example.com,134-418-1494
75,Sam,Johnson,1961-02-24,sam75@example.com,571-997-9740
76,Xander,Perez,1971-03-22,xander76@example.com,453-922-1192
77,Quincy,Smith,1968-01-27,quincy77@example.com,209-281-5787
78,Bob,Davis,1982-06-19,bob78@example.com,879-892-8656
79,Jack,Miller,1971-05-07,jack79@example.com,664-381-8855
80,Vince,Davis,1978-02-07,vince80@example.com,985-400-8903
81,David,Miller,1991-10-15,david81@example.com,699-586-1904
82,Rose,Hernandez,1973-02-25,rose82@example.com,655-220-8264
83,Alice,Lee,1997-08-22,alice83@example.com,998-267-8571
84,Paul,Brown,1962-06-06,paul84@example.com,194-890-7240
85,Grace,Perez,1980-11-12,grace85@example.com,110-883-4136
86,Frank,Lopez,1989-04-21,frank86@example.com,675-767-3973
87,Eve,Lopez,1994-03-24,eve87@example.com,431-262-6789
88,Eve,Jones,1982-11-13,eve88@example.com,917-565-7532
89,Eve,Jones,1976-06-15,eve89@example.com,788-655-1410
90,Tina,Miller,1982-07-01,tina90@example.com,128-484-1134
91,Jack,Rodriguez,1986-01-21,jack91@example.com,695-807-6436
92,Sam,Davis,1997-07-13,sam92@example.com,784-486-2838
93,Alice,Johnson,1977-04-23,alice93@example.com,400-859-7299
94,Mona,Thomas,1982-04-16,mona94@example.com,162-296-3177
95,Sam,Gonzalez,1973-02-02,sam95@example.com,729-615-2300
96,Oscar,Hernandez,1963-07-09,oscar96@example.com,499-872-4185
97,Paul,Johnson,1987-02-10,paul97@example.com,204-534-9110
98,Alice,Lee,1971-07-24,alice98@example.com,577-565-8859
99,Tina,Miller,1961-08-02,tina99@example.com,423-515-4907
100,Alice,Thomas,1971-05-09,alice100@example.com,717-487-2770
